day_label,date,activity,type,time_1,timezone_1_label
October 19,2026-10-19,Arrivals & Check-in,break,08:30,"Time (ET)"
October 19,2026-10-19,"Welcome (Coordinators)",activity,09:00,"Time (ET)"
October 19,2026-10-19,Compute connection setup (Zhibin),activity,09:30,"Time (ET)"
October 19,2026-10-19,Patient Partner Keynote (TBD),activity,10:00,"Time (ET)"
October 19,2026-10-19,Break (30min),break,11:00,"Time (ET)"
October 19,2026-10-19,"Module 1 lecture: Intro to Cancer Genomics (Trevor Pugh)",activity,11:30,"Time (ET)"
October 19,2026-10-19,Lunch (1h),break,12:30,"Time (ET)"
October 19,2026-10-19,Module 2 Lecture: Understanding and Visualizing data (Linda Xiang),activity,13:30,"Time (ET)"
October 19,2026-10-19,Break (30min),break,14:30,"Time (ET)"
October 19,2026-10-19,"Module 2 Lab: Understanding and Visualizing data (Linda Xiang + TA- Edmund Su)",activity,15:00,"Time (ET)"
October 19,2026-10-19,Finished,break,17:00,"Time (ET)"
October 20,2026-10-20,Arrivals,break,08:30,"Time (ET)"
October 20,2026-10-20,Module 3 Lecture: Genome Alignment (Yoshiaki Tanaka),activity,09:00,"Time (ET)"
October 20,2026-10-20,Break (30min),break,10:00,"Time (ET)"
October 20,2026-10-20,Module 3 Lab: Genome Alignment (Yoshiaki Tanaka + TA - Jordan Babadoudou),activity,10:30,"Time (ET)"
October 20,2026-10-20,Lunch (1h),break,12:30,"Time (ET)"
October 20,2026-10-20,Module 4 Lecture: Somatic Alterations (Robert Eveleigh + TA-Alain Pacis),activity,13:30,"Time (ET)"
October 20,2026-10-20,Break (30min),break,14:30,"Time (ET)"
October 20,2026-10-20,Module 4 Lab: Somatic Alterations (Robert Eveleigh + TA-Alain Pacis),activity,15:00,"Time (ET)"
October 20,2026-10-20,Finished,break,17:00,"Time (ET)"
October 21,2026-10-21,Arrivals,break,08:30,"Time (ET)"
October 21,2026-10-21,"Module 5 Lecture: Copy Number Alterations (Mathieu Lajoie + TA-Rong Ma)",activity,09:00,"Time (ET)"
October 21,2026-10-21,Break (30min),break,10:00,"Time (ET)"
October 21,2026-10-21,Module 5 Lab: Copy Number Alterations (Mathieu Lajoie + TA-Rong Ma),activity,10:30,"Time (ET)"
October 21,2026-10-21,Lunch (1h),break,12:30,"Time (ET)"
October 21,2026-10-21,Module 6 Lecture: Transcriptomics (Vida Talebian + TA - Oliver De Sa),activity,13:30,"Time (ET)"
October 21,2026-10-21,Break (30min),break,14:30,"Time (ET)"
October 21,2026-10-21,"Module 6 Lab Gene Expression Analysis (Vida Talebian + TA - Oliver De Sa)",activity,15:00,"Time (ET)"
October 21,2026-10-21,Finished,break,17:00,"Time (ET)"
October 22,2026-10-22,Arrivals,break,08:30,"Time (ET)"
October 22,2026-10-22,Module 7 Lecture: From Alteration to Gene Effect (Aqsa Alam),activity,09:00,"Time (ET)"
October 22,2026-10-22,Break (30min),break,10:00,"Time (ET)"
October 22,2026-10-22,Module 7 Lab: From Alteration to Gene Effect (Aqsa Alam),activity,10:30,"Time (ET)"
October 22,2026-10-22,Lunch (1h),break,12:30,"Time (ET)"
October 22,2026-10-22,Module 8 Lecture: Genes to Pathways (Veronique Voisin),activity,13:30,"Time (ET)"
October 22,2026-10-22,Break (30min),break,14:30,"Time (ET)"
October 22,2026-10-22,Module 8 Lab: Genes to Pathways (Veronique Voisin),activity,15:00,"Time (ET)"
October 22,2026-10-22,Finished,break,17:00,"Time (ET)"
October 23,2026-10-23,Arrivals,break,08:30,"Time (ET)"
October 23,2026-10-23,Module 9 Lecture: Variants to Networks (Ruth Isserlin),activity,09:00,"Time (ET)"
October 23,2026-10-23,Break (30min),break,10:00,"Time (ET)"
October 23,2026-10-23,Module 9 Lab: Variants to Networks (Ruth Isserlin),activity,10:30,"Time (ET)"
October 23,2026-10-23,Class photo + Lunch (1h),break,12:30,"Time (ET)"
October 23,2026-10-23,Module 10 Lecture: Integration of Clinical Data (Nicholas Geoffrion),activity,13:30,"Time (ET)"
October 23,2026-10-23,Break (30min),break,14:30,"Time (ET)"
October 23,2026-10-23,Bring Your Own Data!,activity,15:00,"Time (ET)"
October 23,2026-10-23,Survey & Closing Remarks,activity,16:00,"Time (ET)"
October 23,2026-10-23,Optional Q&A with faculty,activity,16:20,"Time (ET)"
October 23,2026-10-23,Finished,break,17:00,"Time (ET)"
